H49	H74	3145	orf1ab	G	T	ttg	ttt	L	F	0
H13	H60	16887	orf1ab	C	T	tac	tat	Y	Y	1
H54	H67	254	5-UTR	C	T	NA	NA	NA	NA	NA
H54	H67	29751	3-UTR	G	C	NA	NA	NA	NA	NA
H31	H38	3373	orf1ab	C	A	gac	gaa	D	E	0
H44	H159	11083	orf1ab	G	T	ttg	ttt	L	F	0
H47	H89	10582	orf1ab	C	T	gac	gat	D	D	1
H1	H189	20270	orf1ab	C	T	gct	gtt	A	V	0
H32	H64	514	orf1ab	T	C	cat	cac	H	H	1
H13	H91	3171	orf1ab	T	C	ctt	cct	L	P	0
H44	H109	150	5-UTR	T	C	NA	NA	NA	NA	NA
H44	H109	153	5-UTR	T	G	NA	NA	NA	NA	NA
H47	H175	25688	ORF3a	C	T	gct	gtt	A	V	0
H48	H73	6255	orf1ab	C	T	gca	gta	A	V	0
H44	H34	5784	orf1ab	C	T	act	att	T	I	0
H44	H150	29736	3-UTR	G	T	NA	NA	NA	NA	NA
H31	H39	313	orf1ab	C	T	ctc	ctt	L	L	1
H63	H194	28854	N	C	T	tca	tta	S	L	0
H44	H83	832	orf1ab	C	T	aac	aat	N	N	1
H49	H196	25958	ORF3a	A	G	tat	tgt	Y	C	0
H47	H209	29700	3-UTR	A	G	NA	NA	NA	NA	NA
H63	H177	10323	orf1ab	A	G	aag	agg	K	R	0
H32	H50	11083	orf1ab	G	T	ttg	ttt	L	F	0
H36	H207	17639	orf1ab	C	T	tca	tta	S	L	0
H1	H48	514	orf1ab	T	C	cat	cac	H	H	1
H2	H11	8782	orf1ab	T	C	agt	agc	S	S	1
H18	H21	1397	orf1ab	G	A	gta	ata	V	I	0
H18	H21	28688	N	T	C	ttg	ctg	L	L	1
H49	H65	28344	N	C	A	act	aat	T	N	0
H32	H71	25350	S	C	T	cca	cta	P	L	0
H86	H199	8371	orf1ab	G	T	cag	cat	Q	H	0
H135	H133	13402	orf1ab	T	G	tat	tag	Y	*	0
H115	H120	27046	M	T	C	atg	acg	M	T	0
H4	H129	17858	orf1ab	A	G	tat	tgt	Y	C	0
H175	H188	13006	orf1ab	T	C	gct	gcc	A	A	1
H31	H95	24389	S	A	C	agt	cgt	S	R	0
H31	H95	24390	S	G	C	agt	act	S	T	0
H13	H1	8782	orf1ab	T	C	agt	agc	S	S	1
H13	H1	28144	ORF8	C	T	tca	tta	S	L	0
H159	H168	16887	orf1ab	C	T	tac	tat	Y	Y	1
H49	H162	20031	orf1ab	C	A	gcc	gca	A	A	1
H18	H117	1059	orf1ab	C	T	acc	atc	T	I	0
H15	H37	8782	orf1ab	T	C	agt	agc	S	S	1
H15	H37	26144	ORF3a	G	T	ggt	gtt	G	V	0
H95	H135	27046	M	C	T	acg	atg	T	M	0
H14	H32	14408	orf1ab	C	T	cct	ctt	P	L	0
H22	H41	14805	orf1ab	C	T	tac	tat	Y	Y	1
H32	H88	15324	orf1ab	C	T	aac	aat	N	N	1
H13	H4	18060	orf1ab	C	T	ctc	ctt	L	L	1
H188	H193	23929	S	C	T	tac	tat	Y	Y	1
H1	I249	3037	orf1ab	C	T	ttc	ttt	F	F	1
H155	H158	11083	orf1ab	T	G	ttt	ttg	F	L	0
H88	H208	18656	orf1ab	C	T	acc	atc	T	I	0
H44	H160	14805	orf1ab	C	T	tac	tat	Y	Y	1
H44	H111	27384	ORF6	T	C	gat	gac	D	D	1
H36	H178	3034	orf1ab	T	C	tct	tcc	S	S	1
H36	H178	16054	orf1ab	C	T	cat	tat	H	Y	0
H36	H178	17859	orf1ab	T	C	tat	tac	Y	Y	1
H36	H178	29751	3-UTR	G	C	NA	NA	NA	NA	NA
H2	H7	11083	orf1ab	G	T	ttg	ttt	L	F	0
H21	H70	9479	orf1ab	G	T	ggt	tgt	G	C	0
H47	H140	11083	orf1ab	G	T	ttg	ttt	L	F	0
H143	H148	9223	orf1ab	C	T	cac	cat	H	H	1
H36	H104	14408	orf1ab	C	T	cct	ctt	P	L	0
H203	H81	25979	ORF3a	G	T	gga	gta	G	V	0
H203	H81	28657	N	C	T	gac	gat	D	D	1
H41	H163	2558	orf1ab	C	T	cca	tca	P	S	0
H6	H26	22661	S	G	T	gtc	ttc	V	F	0
H1	H17	27147	M	G	C	gac	cac	D	H	0
H5	H12	22661	S	G	T	gtc	ttc	V	F	0
H44	H154	29700	3-UTR	A	G	NA	NA	NA	NA	NA
H21	H43	29374	N	G	A	gag	gaa	E	E	1
H1	H45	1440	orf1ab	G	A	ggc	gac	G	D	0
H1	H45	2891	orf1ab	G	A	gca	aca	A	T	0
H50	H176	15324	orf1ab	C	T	aac	aat	N	N	1
H50	H176	16887	orf1ab	C	T	tac	tat	Y	Y	1
H20	H30	6255	orf1ab	C	T	gca	gta	A	V	0
H36	H164	21575	S	C	T	ctt	ttt	L	F	0
H87	H51	18877	orf1ab	C	T	cta	tta	L	L	1
H32	H63	20268	orf1ab	A	G	tta	ttg	L	L	1
H54	H145	11083	orf1ab	G	T	ttg	ttt	L	F	0
H62	H198	884	orf1ab	C	T	cgt	tgt	R	C	0
H36	H119	11083	orf1ab	T	G	ttt	ttg	F	L	0
H49	H134	13402	orf1ab	T	G	tat	tag	Y	*	0
H63	H185	29734	3-UTR	G	C	NA	NA	NA	NA	NA
H149	H155	9438	orf1ab	C	T	aca	ata	T	I	0
I249	H66	11083	orf1ab	G	T	ttg	ttt	L	F	0
H13	H123	9477	orf1ab	T	A	ttt	tat	F	Y	0
H5	H22	11083	orf1ab	G	T	ttg	ttt	L	F	0
H32	H101	11109	orf1ab	C	T	gct	gtt	A	V	0
H47	H84	29553	igs:N|ORF10	G	A	NA	NA	NA	NA	NA
I127	H42	8653	orf1ab	G	T	atg	att	M	I	0
H47	H206	150	5-UTR	T	C	NA	NA	NA	NA	NA
H47	H206	153	5-UTR	T	G	NA	NA	NA	NA	NA
H73	H82	6255	orf1ab	T	C	gta	gca	V	A	0
H73	H82	17410	orf1ab	C	T	cgt	tgt	R	C	0
H1	H125	26326	E	C	T	cta	tta	L	L	1
H131	H166	21575	S	C	T	ctt	ttt	L	F	0
H44	H152	11704	orf1ab	C	T	tac	tat	Y	Y	1
H21	H171	27384	ORF6	T	C	gat	gac	D	D	1
H33	H143	18656	orf1ab	C	T	acc	atc	T	I	0
H125	H107	11083	orf1ab	G	T	ttg	ttt	L	F	0
H43	H53	2113	orf1ab	C	T	atc	att	I	I	1
H43	H53	18928	orf1ab	C	T	cct	tct	P	S	0
H21	H127	19518	orf1ab	G	T	ttg	ttt	L	F	0
H1	H54	29736	3-UTR	G	T	NA	NA	NA	NA	NA
H44	H132	15927	orf1ab	T	G	ctt	ctg	L	L	1
H44	H132	26936	M	C	T	ctc	ctt	L	L	1
H1	H9	28854	N	C	T	tca	tta	S	L	0
H18	H144	11410	orf1ab	G	A	ttg	tta	L	L	1
H36	H184	1321	orf1ab	A	C	gaa	gac	E	D	0
H5	H27	13929	orf1ab	T	C	tat	tac	Y	Y	1
H44	H165	28881	N	G	A	agg	aag	R	K	0
H51	H156	2113	orf1ab	C	T	atc	att	I	I	1
H32	H57	29144	N	C	T	cta	tta	L	L	1
H1	H124	28851	N	G	T	agt	att	S	I	0
H32	H100	24862	S	A	G	aca	acg	T	T	1
H98	H173	3037	orf1ab	T	C	ttt	ttc	F	F	1
H98	H173	23403	S	G	A	ggt	gat	G	D	0
H1	H29	9924	orf1ab	C	T	gca	gta	A	V	0
H33	H146	21575	S	C	T	ctt	ttt	L	F	0
H32	H212	8782	orf1ab	C	T	agc	agt	S	S	1
H21	H172	2455	orf1ab	C	T	ctc	ctt	L	L	1
H21	H172	11083	orf1ab	T	G	ttt	ttg	F	L	0
H32	H181	2455	orf1ab	C	T	ctc	ctt	L	L	1
H32	H181	10450	orf1ab	C	T	ccc	cct	P	P	1
H1	H24	24034	S	C	T	aac	aat	N	N	1
H32	H92	13402	orf1ab	T	G	tat	tag	Y	*	0
H13	H15	4402	orf1ab	T	C	ctt	ctc	L	L	1
H13	H15	5062	orf1ab	G	T	ttg	ttt	L	F	0
H189	H118	29683	3-UTR	A	T	NA	NA	NA	NA	NA
H32	H87	25563	ORF3a	G	T	cag	cat	Q	H	0
H47	H103	6255	orf1ab	C	T	gca	gta	A	V	0
I33	H142	29700	3-UTR	A	G	NA	NA	NA	NA	NA
H63	H192	3037	orf1ab	T	C	ttt	ttc	F	F	1
H32	H52	23575	S	C	T	tgc	tgt	C	C	1
H1	H3	21707	S	C	T	cat	tat	H	Y	0
H47	H202	17639	orf1ab	C	T	tca	tta	S	L	0
H49	H102	6255	orf1ab	C	T	gca	gta	A	V	0
H31	H210	16887	orf1ab	C	T	tac	tat	Y	Y	1
H6	H141	29700	3-UTR	A	G	NA	NA	NA	NA	NA
H44	H169	6310	orf1ab	C	T	agc	agt	S	S	1
H138	H205	29700	3-UTR	A	G	NA	NA	NA	NA	NA
H18	H33	29635	ORF10	C	T	tac	tat	Y	Y	1
H196	H182	24054	S	C	T	gct	gtt	A	V	0
H32	H79	3145	orf1ab	G	T	ttg	ttt	L	F	0
H18	H19	9438	orf1ab	C	T	aca	ata	T	I	0
H21	H122	10323	orf1ab	A	G	aag	agg	K	R	0
H18	H130	6312	orf1ab	C	A	aca	aaa	T	K	0
H18	H130	13730	orf1ab	C	T	gct	gtt	A	V	0
H18	H130	23929	S	C	T	tac	tat	Y	Y	1
H18	H130	28311	N	C	T	ccc	ctc	P	L	0
H31	H96	13402	orf1ab	T	G	tat	tag	Y	*	0
H32	H136	28688	N	T	C	ttg	ctg	L	L	1
H21	H116	1059	orf1ab	C	T	acc	atc	T	I	0
H21	H116	23934	S	C	T	aca	ata	T	I	0
H21	H116	28648	N	T	C	gct	gcc	A	A	1
H31	H204	25791	ORF3a	C	T	tgc	tgt	C	C	1
H44	H58	23010	S	T	C	gtt	gct	V	A	0
H45	H114	28851	N	G	T	agt	att	S	I	0
H44	H131	22988	S	G	A	ggt	agt	G	S	0
H186	H197	18060	orf1ab	T	C	ctt	ctc	L	L	1
H21	H78	3145	orf1ab	G	T	ttg	ttt	L	F	0
H1	H25	186	5-UTR	C	T	NA	NA	NA	NA	NA
H49	H191	23086	S	C	T	tac	tat	Y	Y	1
H13	H59	207	5-UTR	C	T	NA	NA	NA	NA	NA
H13	H59	946	orf1ab	T	C	ggt	ggc	G	G	1
H13	H59	11430	orf1ab	A	G	tat	tgt	Y	C	0
H31	H161	29700	3-UTR	A	G	NA	NA	NA	NA	NA
H47	H97	24389	S	A	C	agt	cgt	S	R	0
H47	H97	24390	S	G	C	agt	act	S	T	0
H63	H138	17639	orf1ab	C	T	tca	tta	S	L	0
H44	H128	24694	S	A	T	gga	ggt	G	G	1
H1	H8	15324	orf1ab	C	T	aac	aat	N	N	1
H1	H8	29303	N	C	T	cca	tca	P	S	0
I249	H14	241	5-UTR	C	T	NA	NA	NA	NA	NA
I249	H14	23403	S	A	G	gat	ggt	D	G	0
H2	H13	29095	N	T	C	ttt	ttc	F	F	1
H87	H47	1059	orf1ab	C	T	acc	atc	T	I	0
H36	H179	5142	orf1ab	C	T	act	att	T	I	0
H41	H211	27384	ORF6	T	C	gat	gac	D	D	1
H119	H190	1321	orf1ab	A	C	gaa	gac	E	D	0
H67	H68	11083	orf1ab	G	T	ttg	ttt	L	F	0
H47	H113	18656	orf1ab	C	T	acc	atc	T	I	0
H112	H149	9223	orf1ab	C	T	cac	cat	H	H	1
H49	H76	22277	S	C	A	caa	aaa	Q	K	0
H1	H55	29635	ORF10	C	T	tac	tat	Y	Y	1
H21	I127	884	orf1ab	C	T	cgt	tgt	R	C	0
H185	H200	11704	orf1ab	C	T	tac	tat	Y	Y	1
H16	H99	16381	orf1ab	G	A	gtt	att	V	I	0
H191	H195	29095	N	C	T	ttc	ttt	F	F	1
H47	H180	186	5-UTR	C	T	NA	NA	NA	NA	NA
H39	H157	19518	orf1ab	G	T	ttg	ttt	L	F	0
H1	H126	16887	orf1ab	C	T	tac	tat	Y	Y	1
H47	H170	27964	ORF8	C	T	tca	tta	S	L	0
H32	H137	24077	S	G	T	gat	tat	D	Y	0
H31	H49	27046	M	C	T	acg	atg	T	M	0
H163	H28	2480	orf1ab	A	G	att	gtt	I	V	0
H1	H80	3145	orf1ab	G	T	ttg	ttt	L	F	0
H1	H10	17373	orf1ab	C	T	gcc	gct	A	A	1
H186	H183	17531	orf1ab	T	C	ata	aca	I	T	0
H186	H183	18756	orf1ab	G	T	ccg	cct	P	P	1
H47	H139	18928	orf1ab	C	T	cct	tct	P	S	0
H63	H201	14408	orf1ab	T	C	ctt	cct	L	P	0
H40	H75	3145	orf1ab	G	T	ttg	ttt	L	F	0
H1	H18	11083	orf1ab	G	T	ttg	ttt	L	F	0
H107	H106	18060	orf1ab	C	T	ctc	ctt	L	L	1
H1	H5	26144	ORF3a	G	T	ggt	gtt	G	V	0
H44	H61	16467	orf1ab	A	G	cca	ccg	P	P	1
H44	H61	23185	S	C	T	ttc	ttt	F	F	1
H170	H151	833	orf1ab	T	C	ttc	ctc	F	L	0
H111	H167	11083	orf1ab	G	T	ttg	ttt	L	F	0
H169	H110	27327	ORF6	G	T	aag	aat	K	N	0
H13	I33	24034	S	C	T	aac	aat	N	N	1
H129	H44	17747	orf1ab	C	T	cct	ctt	P	L	0
H7	H20	29095	N	T	C	ttt	ttc	F	F	1
H44	H85	26530	M	A	G	gat	ggt	D	G	0
H13	H16	28878	N	G	A	agt	aat	S	N	0
H24	H23	28854	N	C	T	tca	tta	S	L	0
H13	H35	23403	S	A	G	gat	ggt	D	G	0
H99	H77	6255	orf1ab	C	T	gca	gta	A	V	0
I33	H6	26729	M	T	C	gct	gcc	A	A	1
I33	H6	28077	ORF8	G	C	gtg	ctg	V	L	0
H46	H121	13402	orf1ab	T	G	tat	tag	Y	*	0
H32	H46	187	5-UTR	A	G	NA	NA	NA	NA	NA
H27	H69	11704	orf1ab	C	T	tac	tat	Y	Y	1
H32	H62	26530	M	A	G	gat	ggt	D	G	0
H82	H72	6255	orf1ab	C	T	gca	gta	A	V	0
H94	H93	24389	S	A	C	agt	cgt	S	R	0
H100	H105	658	orf1ab	T	C	gct	gcc	A	A	1
H100	H105	28629	N	C	T	gct	gtt	A	V	0
H87	H86	2416	orf1ab	C	T	tac	tat	Y	Y	1
H128	H186	9445	orf1ab	T	C	ctt	ctc	L	L	1
H92	H94	24390	S	G	C	agt	act	S	T	0
H49	H115	11083	orf1ab	G	T	ttg	ttt	L	F	0
H41	H36	17247	orf1ab	T	C	cgt	cgc	R	R	1
H31	H40	19839	orf1ab	T	C	aat	aac	N	N	1
H125	H56	11410	orf1ab	G	A	ttg	tta	L	L	1
H20	H147	28144	ORF8	C	T	tca	tta	S	L	0
H123	H203	14805	orf1ab	C	T	tac	tat	Y	Y	1
H123	H203	28863	N	C	T	tca	tta	S	L	0
H129	H108	29736	3-UTR	G	T	NA	NA	NA	NA	NA
H213	H2	2416	orf1ab	T	C	tat	tac	Y	Y	1
H213	H2	3037	orf1ab	T	C	ttt	ttc	F	F	1
H213	H2	3171	orf1ab	C	T	cct	ctt	P	L	0
H213	H2	10450	orf1ab	T	C	cct	ccc	P	P	1
H213	H2	11704	orf1ab	T	C	tat	tac	Y	Y	1
H213	H2	17373	orf1ab	T	C	gct	gcc	A	A	1
H213	H2	18060	orf1ab	T	C	ctt	ctc	L	L	1
H213	H2	23086	S	T	C	tat	tac	Y	Y	1
H213	H2	23929	S	T	C	tat	tac	Y	Y	1
H213	H2	24034	S	T	C	aat	aac	N	N	1
H213	H2	26936	M	T	C	ctt	ctc	L	L	1
I127	H174	241	5-UTR	C	T	NA	NA	NA	NA	NA
I127	H174	28688	N	C	T	ctg	ttg	L	L	1
H47	H98	25563	ORF3a	T	G	cat	cag	H	Q	0
H88	H187	21575	S	C	T	ctt	ttt	L	F	0
H36	H112	1515	orf1ab	A	G	cat	cgt	H	R	0
H44	H153	18877	orf1ab	C	T	cta	tta	L	L	1
H32	H31	28881	N	G	A	agg	aag	R	K	0
H32	H31	28882	N	G	A	agg	aga	R	R	1
H32	H31	28883	N	G	C	gga	cga	G	R	0
